platform,keyword,rank,title,snippet,url,text,clean_text,sentiment,brand
google,smart fan,1,Smart Fans,"Smart Oscillating Quiet Floor Fans, Standing Bladeless Fan with Remote and WiFi Voice Control, 4 Modes, 4 Speeds, 8H Timer, 28dB, Works with Alexa/Google",https://www.amazon.com/smart-fans/s?k=smart+fans,"Smart Fans Smart Oscillating Quiet Floor Fans, Standing Bladeless Fan with Remote and WiFi Voice Control, 4 Modes, 4 Speeds, 8H Timer, 28dB, Works with Alexa/Google",smart fans smart oscillating quiet floor fans standing bladeless fan with remote and wifi voice control modes speeds 8h timer 28db works with alexa google,1.0,Atomberg
google,smart fan,2,"Smart Fan , Best Smart Ceiling Fans Store",These energy-efficient smart ceiling fans come equipped with high-performance motors and LED lighting to minimize power usage while maximizing airflow. Some ...,https://parrotuncle.com/collections/smart-fan?srsltid=AfmBOooTp2IrXqQoTasAswTZ8orsevoeiGwPVPZpsyznJIdMbe70DXbw,"Smart Fan , Best Smart Ceiling Fans Store These energy-efficient smart ceiling fans come equipped with high-performance motors and LED lighting to minimize power usage while maximizing airflow. Some ...",smart fan best smart ceiling fans store these energy efficient smart ceiling fans come equipped with high performance motors and led lighting to minimize power usage while maximizing airflow some,1.0,Atomberg
google,smart fan,3,Smart Ceiling Fan: Alexa and Google Compatible,Step into the world of intelligent comfort with our Smart Ceiling Fan collection. Seamlessly sync your fan with Alexa and Google Assistant smart devices.,https://smafan.com/collections/smart-ceiling-fan?srsltid=AfmBOoqVI1Nqw8_bBAurA-LEe5MdCZ3lX3D55XrW0bhszUTLaUSHIg1E,Smart Ceiling Fan: Alexa and Google Compatible Step into the world of intelligent comfort with our Smart Ceiling Fan collection. Seamlessly sync your fan with Alexa and Google Assistant smart devices.,smart ceiling fan alexa and google compatible step into the world of intelligent comfort with our smart ceiling fan collection seamlessly sync your fan with alexa and google assistant smart devices,0.9981820583343506,Atomberg
google,smart fan,4,Smart Ceiling Fans,"Control lights, fan speed, and direction directly from your smart devices with SIMPLEconnect® smart ceiling fans from Hunter and a Wi-Fi® connection.",https://www.hunterfan.com/collections/smart-ceiling-fans?srsltid=AfmBOopAOGxQjFRAmswOf7qOGQ1AKYVvMd-R5mrcR50nvglQBspM-TRR,"Smart Ceiling Fans Control lights, fan speed, and direction directly from your smart devices with SIMPLEconnect® smart ceiling fans from Hunter and a Wi-Fi® connection.",smart ceiling fans control lights fan speed and direction directly from your smart devices with simpleconnect smart ceiling fans from hunter and a wi fi connection,0.9688292145729065,Orient
google,smart fan,5,Smart Ceiling Fans,"Powered by Hubspace, this fan seamlessly integrates into your smart home ecosystem, allowing control via the Hubspace app, Alexa, or Google Assistant. Finished ...",https://www.homedepot.com/b/Smart-Home-Smart-Ceiling-Fans/N-5yc1vZccuu,"Smart Ceiling Fans Powered by Hubspace, this fan seamlessly integrates into your smart home ecosystem, allowing control via the Hubspace app, Alexa, or Google Assistant. Finished ...",smart ceiling fans powered by hubspace this fan seamlessly integrates into your smart home ecosystem allowing control via the hubspace app alexa or google assistant finished,0.9960898160934448,Atomberg
google,smart fan,6,The Best Smart Fans for 2025,"Keep your place cool with a connected fan you can conveniently control with your phone or voice. We've rounded up the best smart ceiling, ...",https://www.pcmag.com/picks/the-best-smart-fans,"The Best Smart Fans for 2025 Keep your place cool with a connected fan you can conveniently control with your phone or voice. We've rounded up the best smart ceiling, ...",the best smart fans for keep your place cool with a connected fan you can conveniently control with your phone or voice we ve rounded up the best smart ceiling,1.0,Atomberg
google,smart fan,7,Smart Ceiling Fans with App Control | Visual Comfort & Co.,Upgrade to smart ceiling fans with app and voice control features for connected luxury living. Experience modern comfort from Visual Comfort.,https://www.visualcomfort.com/us/c/smart-fans?srsltid=AfmBOoq08bXfoCRQ2z6CH1twXNoRxMMfUONOW06CK83RTaNJ5GvMPAY9,Smart Ceiling Fans with App Control | Visual Comfort & Co. Upgrade to smart ceiling fans with app and voice control features for connected luxury living. Experience modern comfort from Visual Comfort.,smart ceiling fans with app control visual comfort co upgrade to smart ceiling fans with app and voice control features for connected luxury living experience modern comfort from visual comfort,0.9863525629043579,Orient
google,smart fan,8,Everything You Need to Know About Smart Fans,"The smart ceiling fan allows you to automate the cooling process, turning on only as the temperature rises, turning off when the A/C is needed.",https://www.lampsplus.com/ideas-and-advice/everything-you-need-to-know-about-smart-fans/?srsltid=AfmBOoqM2Ty5BhVvyD96XqBLsdIGzj8L7zTND9iQDd-Wq3jhBN1mYyDs,"Everything You Need to Know About Smart Fans The smart ceiling fan allows you to automate the cooling process, turning on only as the temperature rises, turning off when the A/C is needed.",everything you need to know about smart fans the smart ceiling fan allows you to automate the cooling process turning on only as the temperature rises turning off when the a c is needed,-0.9437528848648071,Orient
google,smart fan,9,Smart Fan Recommendations : r/homeautomation,"I recently got the 52"" modern forms smart fan with light from Amazon. I control the fan and the lights through my Google smart devices, so far ...",https://www.reddit.com/r/homeautomation/comments/oyk06t/smart_fan_recommendations/,"Smart Fan Recommendations : r/homeautomation I recently got the 52"" modern forms smart fan with light from Amazon. I control the fan and the lights through my Google smart devices, so far ...",smart fan recommendations r homeautomation i recently got the modern forms smart fan with light from amazon i control the fan and the lights through my google smart devices so far,0.9335381984710693,Atomberg
google,bldc fan,1,BLDC Fans vs Normal Fans: Which Is Better?,BLDC fans consume considerate power. It consumes a minimal current lowered by 65% compared to an induction motor fan.,https://www.crompton.co.in/blogs/fans-guide/bldc-fans-vs-normal-fans,BLDC Fans vs Normal Fans: Which Is Better? BLDC fans consume considerate power. It consumes a minimal current lowered by 65% compared to an induction motor fan.,bldc fans vs normal fans which is better bldc fans consume considerate power it consumes a minimal current lowered by compared to an induction motor fan,-0.9918579459190369,Atomberg
google,bldc fan,2,Bldc Ceiling Fan,"42 Inch Low Profile Ceiling Fan with Light and Remote Control, Flush Mount, Reversible, 3CCT, Dimmable, Quiet, Black Small Ceiling Fan for Bedroom Indoor/ ...",https://www.amazon.com/bldc-ceiling-fan/s?k=bldc+ceiling+fan,"Bldc Ceiling Fan 42 Inch Low Profile Ceiling Fan with Light and Remote Control, Flush Mount, Reversible, 3CCT, Dimmable, Quiet, Black Small Ceiling Fan for Bedroom Indoor/ ...",bldc ceiling fan inch low profile ceiling fan with light and remote control flush mount reversible 3cct dimmable quiet black small ceiling fan for bedroom indoor,-0.800075626373291,Atomberg
google,bldc fan,3,"BLDC Motor Fans: Meaning, Advantages & Comparison ...","A BLDC fan is a fan powered by a Brushless Direct Current (BLDC) motor. Unlike traditional fans, it uses electronic controls instead of physical brushes to ...",https://atomberg.com/blog/post/all-about-bldc-motor-fans?srsltid=AfmBOorBJ5DUWHIwER0tIbMWhM_YHVRbtlXDlO2-1gcOY7wfCFaZkM3_,"BLDC Motor Fans: Meaning, Advantages & Comparison ... A BLDC fan is a fan powered by a Brushless Direct Current (BLDC) motor. Unlike traditional fans, it uses electronic controls instead of physical brushes to ...",bldc motor fans meaning advantages comparison a bldc fan is a fan powered by a brushless direct current bldc motor unlike traditional fans it uses electronic controls instead of physical brushes to,-0.9905055165290833,Atomberg
google,bldc fan,4,BLDC fans suggestions and opinions : r/Frugal_Ind,"BLDC fans are more efficient on power as well as thermal regulation, I don't see any reason why they shouldn't last as long as a traditional fan ...",https://www.reddit.com/r/Frugal_Ind/comments/1k2nyl0/bldc_fans_suggestions_and_opinions/,"BLDC fans suggestions and opinions : r/Frugal_Ind BLDC fans are more efficient on power as well as thermal regulation, I don't see any reason why they shouldn't last as long as a traditional fan ...",bldc fans suggestions and opinions r frugal ind bldc fans are more efficient on power as well as thermal regulation i don t see any reason why they shouldn t last as long as a traditional fan,-0.7441938877105713,Atomberg
google,bldc fan,5,102 in. H Volume Low Speed Outdoor BLDC Big Ceiling ...,"With its 7 aluminum blades with decorative winglets stretch, this low-speed fan generates a higher volume of air so you get better air circulation. With easy ...",https://www.homedepot.com/p/iLIVING-102-in-H-Volume-Low-Speed-Outdoor-BLDC-Big-Ceiling-Fan-in-Black-with-Powerful-Brushless-DC-Motor-Reversible-IR-Remote-ILG8HVLS102/326436225,"102 in. H Volume Low Speed Outdoor BLDC Big Ceiling ... With its 7 aluminum blades with decorative winglets stretch, this low-speed fan generates a higher volume of air so you get better air circulation. With easy ...",in h volume low speed outdoor bldc big ceiling with its aluminum blades with decorative winglets stretch this low speed fan generates a higher volume of air so you get better air circulation with easy,-0.8862636089324951,Atomberg
google,bldc fan,6,BLDC Ceiling Fan,"BLDC SUPER SAVER-IR (56"") · Tk.6,190 ; BLDC SUPERSAVER MARIGOLD LIGHTKIT (52"") · Tk.6,990 ; BLDC SUPER SAVER MARIGOLD (52"") · Tk.6,690 ; BLDC COMFORT CEILING FAN (48"").",https://waltonbd.com/bldc-ceiling-fan,"BLDC Ceiling Fan BLDC SUPER SAVER-IR (56"") · Tk.6,190 ; BLDC SUPERSAVER MARIGOLD LIGHTKIT (52"") · Tk.6,990 ; BLDC SUPER SAVER MARIGOLD (52"") · Tk.6,690 ; BLDC COMFORT CEILING FAN (48"").",bldc ceiling fan bldc super saver ir tk bldc supersaver marigold lightkit tk bldc super saver marigold tk bldc comfort ceiling fan,-0.9811756014823914,Atomberg
google,bldc fan,7,BLDC Fans vs Normal Fans: The Ultimate Buying Guide ...,A BLDC (Brushless Direct Current) fan is a modern ceiling fan that uses a brushless motor instead of the traditional induction motor.,https://orientelectric.com/blogs/fans/bldc-fans-vs-normal-fans?srsltid=AfmBOoqNJPzxjPxZTf4hZrWlAgB0O6jJrDxFiWflFl7cU_ostnIKikcx,BLDC Fans vs Normal Fans: The Ultimate Buying Guide ... A BLDC (Brushless Direct Current) fan is a modern ceiling fan that uses a brushless motor instead of the traditional induction motor.,bldc fans vs normal fans the ultimate buying guide a bldc brushless direct current fan is a modern ceiling fan that uses a brushless motor instead of the traditional induction motor,-0.7111436724662781,Orient
google,bldc fan,8,Explore EcoLink Ceiling Fans | energy-efficient BLDC Fans,"Powered by cutting-edge BLDC inverter technology, EcoLink fans save up to 55% on energy expenditures, while offering modern features like superior air delivery ...",https://fans.ecolinklighting.in/,"Explore EcoLink Ceiling Fans | energy-efficient BLDC Fans Powered by cutting-edge BLDC inverter technology, EcoLink fans save up to 55% on energy expenditures, while offering modern features like superior air delivery ...",explore ecolink ceiling fans energy efficient bldc fans powered by cutting edge bldc inverter technology ecolink fans save up to on energy expenditures while offering modern features like superior air delivery,1.0,Atomberg
google,energy saving fan,1,Energy Efficient Fan,"Efficient, whole-room cooling with energy-saving fans. Compact, portable designs with adjustable speeds and oscillation.",https://www.amazon.com/energy-efficient-fan/s?k=energy+efficient+fan,"Energy Efficient Fan Efficient, whole-room cooling with energy-saving fans. Compact, portable designs with adjustable speeds and oscillation.",energy efficient fan efficient whole room cooling with energy saving fans compact portable designs with adjustable speeds and oscillation,1.0,Atomberg
google,energy saving fan,2,Energy Efficient Fans,Shop for Energy Efficient Fans at Best Buy. Find low everyday prices and buy online for delivery or in-store pick-up.,https://www.bestbuy.com/site/shop/energy-efficient-fans,Energy Efficient Fans Shop for Energy Efficient Fans at Best Buy. Find low everyday prices and buy online for delivery or in-store pick-up.,energy efficient fans shop for energy efficient fans at best buy find low everyday prices and buy online for delivery or in store pick up,1.0,Atomberg
google,energy saving fan,3,Energy Efficient Ceiling Fans- Energy Star Certified,"Discover Smafan's energy efficient ceiling fans, all ENERGY STAR certified to cut energy use and lower bills without sacrificing comfort.",https://smafan.com/collections/energy-star-ceiling-fan?srsltid=AfmBOop_NmeqPsPymzXG_6EDfJO2S39zy0lZreHss90WTuNovW33g99v,"Energy Efficient Ceiling Fans- Energy Star Certified Discover Smafan's energy efficient ceiling fans, all ENERGY STAR certified to cut energy use and lower bills without sacrificing comfort.",energy efficient ceiling fans energy star certified discover smafan s energy efficient ceiling fans all energy star certified to cut energy use and lower bills without sacrificing comfort,1.0,Atomberg
google,energy saving fan,4,Energy efficient fans? : r/fans,Some have created pc fan CR air filter boxes that use 7-12 watts. That's a significant difference for someone who runs 3 or more fans a day 24/7 ...,https://www.reddit.com/r/fans/comments/1djmi0t/energy_efficient_fans/,Energy efficient fans? : r/fans Some have created pc fan CR air filter boxes that use 7-12 watts. That's a significant difference for someone who runs 3 or more fans a day 24/7 ...,energy efficient fans r fans some have created pc fan cr air filter boxes that use watts that s a significant difference for someone who runs or more fans a day,1.0,Atomberg
google,energy saving fan,5,Shop only the top ceiling fans,Top Ceiling Fans · AirPro 52 in. Polished Chrome 5-Blade AC Motor Transitional Ceiling Fan · Minka-Aire F745-BN Sabot 52 Inch Ceiling Fan with Integrated LED ...,https://guide.pge.com/browse/ceiling_fans,Shop only the top ceiling fans Top Ceiling Fans · AirPro 52 in. Polished Chrome 5-Blade AC Motor Transitional Ceiling Fan · Minka-Aire F745-BN Sabot 52 Inch Ceiling Fan with Integrated LED ...,shop only the top ceiling fans top ceiling fans airpro in polished chrome blade ac motor transitional ceiling fan minka aire f745 bn sabot inch ceiling fan with integrated led,-0.9143224954605103,Atomberg
google,energy saving fan,6,Ceiling Fans,ENERGY STAR certified ceiling fans save energy and help protect the climate by reducing greenhouse gas emissions.,https://www.energystar.gov/products/ceiling_fans,Ceiling Fans ENERGY STAR certified ceiling fans save energy and help protect the climate by reducing greenhouse gas emissions.,ceiling fans energy star certified ceiling fans save energy and help protect the climate by reducing greenhouse gas emissions,0.992255449295044,Atomberg
google,energy saving fan,7,Fans for Cooling,"Energy Savings: Using a ceiling fan allows you to raise the thermostat setting by about 4°F without reducing comfort. In moderate climates, ceiling fans can ...",https://www.energy.gov/energysaver/fans-cooling,"Fans for Cooling Energy Savings: Using a ceiling fan allows you to raise the thermostat setting by about 4°F without reducing comfort. In moderate climates, ceiling fans can ...",fans for cooling energy savings using a ceiling fan allows you to raise the thermostat setting by about f without reducing comfort in moderate climates ceiling fans can,-0.6953363537788391,Atomberg
google,energy saving fan,8,EC Fans Save More Than Energy,"A drop-in replacement for AC fans, ultra-reliable EC fans not only save energy, but maintenance time and long-term costs as well.",https://orionfans.com/ec-fans-save-more-than-energy/,"EC Fans Save More Than Energy A drop-in replacement for AC fans, ultra-reliable EC fans not only save energy, but maintenance time and long-term costs as well.",ec fans save more than energy a drop in replacement for ac fans ultra reliable ec fans not only save energy but maintenance time and long term costs as well,-0.9848511815071106,Orient
